"symbol";"Name";"Currency";"Bid";"Ask";"LastTradePriceOnly";"queryDateTime";"type"
"YHOO";"Yahoo! Inc.";"USD";"44.99";"45.00";"44.99";"2017-02-14 18:58:22";"observed"
"AAPL";"Apple Inc.";"USD";"134.77";"134.78";"134.77";"2017-02-14 18:58:22";"observed"
"MSFT";"Microsoft Corporation";"USD";"64.38";"64.39";"64.39";"2017-02-14 18:58:22";"observed"
"GOOG";"Alphabet Inc.";"USD";"822.06";"822.39";"821.86";"2017-02-14 18:58:22";"observed"
"BIDU";"Baidu, Inc.";"USD";"182.720";"182.790";"182.755";"2017-02-14 18:58:22";"observed"
"FB";"Facebook, Inc.";"USD";"133.7500";"133.7600";"133.7515";"2017-02-14 18:58:22";"observed"
"IBM";"International Business Machines";"USD";NA;NA;"179.65";"2017-02-14 18:58:22";"observed"
"TWTR";"Twitter, Inc. Common Stock";"USD";NA;NA;"16.54";"2017-02-14 18:58:22";"observed"
"HPQ";"HP Inc. Common Stock";"USD";NA;NA;"16.055";"2017-02-14 18:58:22";"observed"
"YHOO";"Yahoo! Inc.";"USD";"44.99";"45.00";"44.99";"2017-02-14 18:58:24";"observed"
"AAPL";"Apple Inc.";"USD";"134.77";"134.78";"134.77";"2017-02-14 18:58:24";"observed"
"MSFT";"Microsoft Corporation";"USD";"64.38";"64.39";"64.39";"2017-02-14 18:58:24";"observed"
"GOOG";"Alphabet Inc.";"USD";"822.06";"822.39";"821.86";"2017-02-14 18:58:24";"observed"
"BIDU";"Baidu, Inc.";"USD";"182.720";"182.790";"182.755";"2017-02-14 18:58:24";"observed"
"FB";"Facebook, Inc.";"USD";"133.7500";"133.7600";"133.7515";"2017-02-14 18:58:24";"observed"
"IBM";"International Business Machines";"USD";NA;NA;"179.65";"2017-02-14 18:58:24";"observed"
"TWTR";"Twitter, Inc. Common Stock";"USD";NA;NA;"16.54";"2017-02-14 18:58:24";"observed"
"HPQ";"HP Inc. Common Stock";"USD";NA;NA;"16.055";"2017-02-14 18:58:24";"observed"
"YHOO";"Yahoo! Inc.";"USD";"44.99";"45.00";"44.99";"2017-02-14 18:58:26";"observed"
"AAPL";"Apple Inc.";"USD";"134.7700";"134.7800";"134.7742";"2017-02-14 18:58:26";"observed"
"MSFT";"Microsoft Corporation";"USD";"64.38";"64.39";"64.39";"2017-02-14 18:58:26";"observed"
"GOOG";"Alphabet Inc.";"USD";"822.06";"822.39";"821.86";"2017-02-14 18:58:26";"observed"
"BIDU";"Baidu, Inc.";"USD";"182.720";"182.790";"182.755";"2017-02-14 18:58:26";"observed"
"FB";"Facebook, Inc.";"USD";"133.74";"133.75";"133.75";"2017-02-14 18:58:26";"observed"
"IBM";"International Business Machines";"USD";NA;NA;"179.65";"2017-02-14 18:58:26";"observed"
"TWTR";"Twitter, Inc. Common Stock";"USD";NA;NA;"16.535";"2017-02-14 18:58:26";"observed"
"HPQ";"HP Inc. Common Stock";"USD";NA;NA;"16.055";"2017-02-14 18:58:26";"observed"
"YHOO";"Yahoo! Inc.";"USD";"44.99";"45.00";"44.99";"2017-02-14 18:58:28";"observed"
"AAPL";"Apple Inc.";"USD";"134.77";"134.78";"134.77";"2017-02-14 18:58:28";"observed"
"MSFT";"Microsoft Corporation";"USD";"64.38";"64.39";"64.39";"2017-02-14 18:58:28";"observed"
"GOOG";"Alphabet Inc.";"USD";"822.06";"822.39";"821.86";"2017-02-14 18:58:28";"observed"
"BIDU";"Baidu, Inc.";"USD";"182.720";"182.790";"182.755";"2017-02-14 18:58:28";"observed"
"FB";"Facebook, Inc.";"USD";"133.7500";"133.7600";"133.7515";"2017-02-14 18:58:28";"observed"
"IBM";"International Business Machines";"USD";NA;NA;"179.65";"2017-02-14 18:58:28";"observed"
"TWTR";"Twitter, Inc. Common Stock";"USD";NA;NA;"16.54";"2017-02-14 18:58:28";"observed"
"HPQ";"HP Inc. Common Stock";"USD";NA;NA;"16.055";"2017-02-14 18:58:28";"observed"
"YHOO";"Yahoo! Inc.";"USD";"44.990";"45.000";"44.995";"2017-02-14 18:58:29";"observed"
"AAPL";"Apple Inc.";"USD";"134.77";"134.78";"134.78";"2017-02-14 18:58:29";"observed"
"MSFT";"Microsoft Corporation";"USD";"64.38";"64.39";"64.38";"2017-02-14 18:58:29";"observed"
"GOOG";"Alphabet Inc.";"USD";"822.06";"822.39";"821.86";"2017-02-14 18:58:29";"observed"
"BIDU";"Baidu, Inc.";"USD";"182.720";"182.790";"182.755";"2017-02-14 18:58:29";"observed"
"FB";"Facebook, Inc.";"USD";"133.75";"133.76";"133.75";"2017-02-14 18:58:29";"observed"
"IBM";"International Business Machines";"USD";NA;NA;"179.65";"2017-02-14 18:58:29";"observed"
"TWTR";"Twitter, Inc. Common Stock";"USD";NA;NA;"16.54";"2017-02-14 18:58:29";"observed"
"HPQ";"HP Inc. Common Stock";"USD";NA;NA;"16.055";"2017-02-14 18:58:29";"observed"
"YHOO";"Yahoo! Inc.";"USD";"44.99";"45.00";"44.99";"2017-02-14 18:58:31";"observed"
"AAPL";"Apple Inc.";"USD";"134.7700";"134.7800";"134.7795";"2017-02-14 18:58:31";"observed"
"MSFT";"Microsoft Corporation";"USD";"64.380";"64.390";"64.384";"2017-02-14 18:58:31";"observed"
"GOOG";"Alphabet Inc.";"USD";"822.06";"822.39";"821.86";"2017-02-14 18:58:31";"observed"
"BIDU";"Baidu, Inc.";"USD";"182.72";"182.79";"182.73";"2017-02-14 18:58:31";"observed"
"FB";"Facebook, Inc.";"USD";"133.75";"133.76";"133.75";"2017-02-14 18:58:31";"observed"
"IBM";"International Business Machines";"USD";NA;NA;"179.65";"2017-02-14 18:58:31";"observed"
"TWTR";"Twitter, Inc. Common Stock";"USD";NA;NA;"16.54";"2017-02-14 18:58:31";"observed"
"HPQ";"HP Inc. Common Stock";"USD";NA;NA;"16.055";"2017-02-14 18:58:31";"observed"
"YHOO";"Yahoo! Inc.";"USD";"44.990";"45.000";"44.995";"2017-02-14 18:58:33";"observed"
"AAPL";"Apple Inc.";"USD";"134.77";"134.78";"134.78";"2017-02-14 18:58:33";"observed"
"MSFT";"Microsoft Corporation";"USD";"64.38";"64.39";"64.38";"2017-02-14 18:58:33";"observed"
"GOOG";"Alphabet Inc.";"USD";"822.06";"822.39";"821.86";"2017-02-14 18:58:33";"observed"
"BIDU";"Baidu, Inc.";"USD";"182.720";"182.790";"182.755";"2017-02-14 18:58:33";"observed"
"FB";"Facebook, Inc.";"USD";"133.75";"133.76";"133.75";"2017-02-14 18:58:33";"observed"
"IBM";"International Business Machines";"USD";NA;NA;"179.65";"2017-02-14 18:58:33";"observed"
"TWTR";"Twitter, Inc. Common Stock";"USD";NA;NA;"16.54";"2017-02-14 18:58:33";"observed"
"HPQ";"HP Inc. Common Stock";"USD";NA;NA;"16.055";"2017-02-14 18:58:33";"observed"
"YHOO";"Yahoo! Inc.";"USD";"44.99";"45.00";"44.99";"2017-02-14 18:58:34";"observed"
"AAPL";"Apple Inc.";"USD";"134.77";"134.78";"134.77";"2017-02-14 18:58:34";"observed"
"MSFT";"Microsoft Corporation";"USD";"64.38";"64.39";"64.39";"2017-02-14 18:58:34";"observed"
"GOOG";"Alphabet Inc.";"USD";"822.06";"822.39";"821.86";"2017-02-14 18:58:34";"observed"
"BIDU";"Baidu, Inc.";"USD";"182.720";"182.790";"182.755";"2017-02-14 18:58:34";"observed"
"FB";"Facebook, Inc.";"USD";"133.7500";"133.7600";"133.7515";"2017-02-14 18:58:34";"observed"
"IBM";"International Business Machines";"USD";NA;NA;"179.65";"2017-02-14 18:58:34";"observed"
"TWTR";"Twitter, Inc. Common Stock";"USD";NA;NA;"16.54";"2017-02-14 18:58:34";"observed"
"HPQ";"HP Inc. Common Stock";"USD";NA;NA;"16.055";"2017-02-14 18:58:34";"observed"
"YHOO";"Yahoo! Inc.";"USD";"44.99";"45.00";"44.99";"2017-02-14 18:58:36";"observed"
"AAPL";"Apple Inc.";"USD";"134.77";"134.78";"134.77";"2017-02-14 18:58:36";"observed"
"MSFT";"Microsoft Corporation";"USD";"64.38";"64.39";"64.39";"2017-02-14 18:58:36";"observed"
"GOOG";"Alphabet Inc.";"USD";"822.06";"822.39";"821.86";"2017-02-14 18:58:36";"observed"
"BIDU";"Baidu, Inc.";"USD";"182.720";"182.790";"182.755";"2017-02-14 18:58:36";"observed"
"FB";"Facebook, Inc.";"USD";"133.7500";"133.7600";"133.7515";"2017-02-14 18:58:36";"observed"
"IBM";"International Business Machines";"USD";NA;NA;"179.65";"2017-02-14 18:58:36";"observed"
"TWTR";"Twitter, Inc. Common Stock";"USD";NA;NA;"16.54";"2017-02-14 18:58:36";"observed"
"HPQ";"HP Inc. Common Stock";"USD";NA;NA;"16.055";"2017-02-14 18:58:36";"observed"
"YHOO";"Yahoo! Inc.";"USD";"44.9900";"45.0000";"44.9999";"2017-02-14 18:58:37";"observed"
"AAPL";"Apple Inc.";"USD";"134.7700";"134.7800";"134.7754";"2017-02-14 18:58:37";"observed"
"MSFT";"Microsoft Corporation";"USD";"64.3800";"64.3900";"64.3846";"2017-02-14 18:58:37";"observed"
"GOOG";"Alphabet Inc.";"USD";"822.06";"822.39";"821.86";"2017-02-14 18:58:37";"observed"
"BIDU";"Baidu, Inc.";"USD";"182.72";"182.79";"182.73";"2017-02-14 18:58:37";"observed"
"FB";"Facebook, Inc.";"USD";"133.75";"133.76";"133.76";"2017-02-14 18:58:37";"observed"
"IBM";"International Business Machines";"USD";NA;NA;"179.65";"2017-02-14 18:58:37";"observed"
"TWTR";"Twitter, Inc. Common Stock";"USD";NA;NA;"16.54";"2017-02-14 18:58:37";"observed"
"HPQ";"HP Inc. Common Stock";"USD";NA;NA;"16.055";"2017-02-14 18:58:37";"observed"
