[
    {
        "id": "ProjetoCPU",
        "titulo": "Projeto CPU",
        "imagem": "img/game.png",
        "descricao": "É um projeto arquitetural feito em ruby focado na modularização e execução de comandos pré-definidos.",
        "cliente": {
                        "nome": "Pedrodrim (projeto pessoal)",
                        "url": "https://github.com/PedroDrim/Projeto-CPU"
                    },

        "data": "Abril 2014",
        "servico": "Software Web",
        "versao": {
                        "nome": "V.1.1.3",
                        "url": "https://github.com/PedroDrim/Projeto-CPU"
                  }
    },

    {
        "id": "BsusUFG",
        "titulo": "Bsus UFG",
        "imagem": "img/game.png",
        "descricao": "Projeto realizado para a matéria de Integração 1 do curso de Engenharia de Software da UFG.",
        "cliente": {
                        "nome": "UFG (Projeto Acadêmico)",
                        "url": "https://github.com/PedroDrim/integracao201701"
                    },

        "data": "Março 2017",
        "servico": "Framework",
        "versao": {
                        "nome": "V.1.0.0",
                        "url": "https://github.com/PedroDrim/integracao201701"
                  }
    },

    {
        "id": "PlanejeInsumos",
        "titulo": "Planeje Insumos",
        "imagem": "img/game.png",
        "descricao": "Site em desenvolvimento para a Startup de mesmo nome.",
        "cliente": {
                        "nome": "Planeje Insumos",
                        "url": "http://planejeinsumos.herokuapp.com"
                    },

        "data": "Março 2017",
        "servico": "Web",
        "versao": {
                        "nome": "V.0.2.1",
                        "url": "https://github.com/PedroDrim/planejeinsumos"
                  }
    },

    {
        "id": "DroidMetronome",
        "titulo": "Droid Metronome",
        "imagem": "img/game.png",
        "descricao": "Aplicativo de metrônomo para android desenvolvido para o projeto integrador dos alunos do 4* periodo do curso de engenharia de software.\nAtende o MPS-BR G e F.",
        "cliente": {
                        "nome": "UFG (Projeto Acadêmico)",
                        "url": "https://github.com/DroidFoundry/DroidMetronome"
                    },

        "data": "Dezembro 2016",
        "servico": "Aplicativo Android",
        "versao": {
                        "nome": "V.1.0.0",
                        "url": "https://github.com/DroidFoundry/DroidMetronome"
                  }
    }, 

    {
        "id": "Gitânio",
        "titulo": "Gitânio",
        "imagem": "img/game.png",
        "descricao": "Sistema Web para gestão comercial. Desenvolvido pelos alunos do 6* período do curso de Engenharia de Software da UFG.",
        "cliente": {
                        "nome": "UFG (Projeto Acadêmico)",
                        "url": "https://github.com/gustavosotnas/Gitanio"
                    },

        "data": "Julho 2016",
        "servico": "Aplicativo Web / Android",
        "versao": {
                        "nome": "V.1.0.0",
                        "url": "https://github.com/gustavosotnas/Gitanio"
                  }
    }
]
