<?xml version="1.0" encoding="UTF-8"?>
<project-private xmlns="http://www.netbeans.org/ns/project-private/1">
    <editor-bookmarks xmlns="http://www.netbeans.org/ns/editor-bookmarks/2" lastBookmarkId="0"/>
    <open-files xmlns="http://www.netbeans.org/ns/projectui-open-files/2">
        <group>
            <file>file:/home/alunoinf/Downloads/exemplosabstracao/src/exemplosabstracao/patrimonio/Objeto.java</file>
            <file>file:/home/alunoinf/Downloads/exemplosabstracao/src/exemplosabstracao/patrimonio/ObjetosException.java</file>
            <file>file:/home/alunoinf/Downloads/exemplosabstracao/src/exemplosabstracao/patrimonio/Main.java</file>
            <file>file:/home/alunoinf/Downloads/exemplosabstracao/src/exemplosabstracao/patrimonio/GestorDeObjetos.java</file>
            <file>file:/home/alunoinf/Downloads/exemplosabstracao/src/exemplosabstracao/patrimonio/ErrorsControl.java</file>
        </group>
    </open-files>
</project-private>
